ID,File Instance,HC Score,HC Time,HC Memory,HC Iterations
1,data/a_example_2.in,288,0.44161176681518555,174387,100
2,data/a_example_2.in,248,0.3738729953765869,168475,100
3,data/a_example_3.in,332,0.8604986667633057,258718,100
4,data/a_example_4.in,2097,5.810373544692993,1037749,100
5,data/a_example_4.in,1832,5.679112195968628,1025561,100
f7783b65-497e-4369-b11d-396aaa2d7286,data/a_example_2.in,173,0.7844588756561279,160995,100
00c8b126-852b-4c67-bfa6-295b23c8d010,data/a_example_2.in,159,0.6286630630493164,162547,100
