ID,File Instance,HC Score,HC Time,HC Memory,HC Iterations
1,data/a_example.in,18,0.0007986712455558773,25048,100
2,data/a_example_2.in,25,0.00123456789,23456,200
3,data/a_example_3.in,35,0.00234567890,34567,300
4,data/a_example_2.in,76,0.3019392490386963,164918,100
5,data/a_example_2.in,76,0.33071303367614746,164118,100
