ID,File Instance,SA Score,SA Time,SA Memory,SA Temperature,SA Colling Rate,SA Iterations
1,data/a_example_2.in,246,0.4164862632751465,66176,1000,0.99,100
2,data/a_example_2.in,248,0.4023590087890625,63267,1000,0.99,100
3,data/a_example_3.in,358,0.9326732158660889,167236,1000,0.99,100
4,data/a_example_4.in,2071,5.402069807052612,1031880,1000,0.99,100
5,data/a_example_4.in,2120,5.746844053268433,1032180,1000,0.99,100
